Workbook

Sheet Sheet1
A1: STUDENT NAME | B1: TAMIL | C1: ENGLISH | D1: MATHS | E1: PHYSICS | F1: CHEMISTRY | G1: BIOLOGY | H1: TOTAL | I1: AVERAGE | J1: GRADE | K1: PASS/FAIL | L1: RANK | S1: total students | T1: 50
A2: Aarav | B2: 86 | C2: 78 | D2: 92 | E2: 81 | F2: 88 | G2: 90 | H2: =SUM(B2:G2) -> 515 | I2: =AVERAGE(B2:G2) -> 85.833333 | J2: =IF(I2>=90,"A+",IF(I2>=80,"A",IF(I2>=70,"B",IF(I2>=60,"C",IF(I2>=50,"D","F"))))) -> A | K2: =IF(MIN(B2:G2)>=35,"PASS","FAIL") -> PASS | L2: =RANK(H2,$H$2:$H$52,0) -> 22 | S2: Highest total | T2: 572
A3: Ananya | B3: 91 | C3: 85 | D3: 76 | E3: 89 | F3: 84 | G3: 93 | H3: =SUM(B3:G3) -> 518 | I3: =AVERAGE(B3:G3) -> 86.333333 | J3: =IF(I3>=90,"A+",IF(I3>=80,"A",IF(I3>=70,"B",IF(I3>=60,"C",IF(I3>=50,"D","F"))))) -> A | K3: =IF(MIN(B3:G3)>=35,"PASS","FAIL") -> PASS | L3: =RANK(H3,$H$2:$H$52,0) -> 20 | S3: lowest total | T3: 415
A4: Arjun | B4: 74 | C4: 69 | D4: 88 | E4: 72 | F4: 79 | G4: 81 | H4: =SUM(B4:G4) -> 463 | I4: =AVERAGE(B4:G4) -> 77.166667 | J4: =IF(I4>=90,"A+",IF(I4>=80,"A",IF(I4>=70,"B",IF(I4>=60,"C",IF(I4>=50,"D","F"))))) -> B | K4: =IF(MIN(B4:G4)>=35,"PASS","FAIL") -> PASS | L4: =RANK(H4,$H$2:$H$52,0) -> 36 | S4: total average | T4: =AVERAGE(I2:I52) -> 82.460784
A5: Aishwarya | B5: 95 | C5: 91 | D5: 89 | E5: 94 | F5: 92 | G5: 96 | H5: =SUM(B5:G5) -> 557 | I5: =AVERAGE(B5:G5) -> 92.833333 | J5: =IF(I5>=90,"A+",IF(I5>=80,"A",IF(I5>=70,"B",IF(I5>=60,"C",IF(I5>=50,"D","F"))))) -> A+ | K5: =IF(MIN(B5:G5)>=35,"PASS","FAIL") -> PASS | L5: =RANK(H5,$H$2:$H$52,0) -> 4 | S5: no of A+ | T5: 13
A6: Bharath | B6: 68 | C6: 73 | D6: 65 | E6: 71 | F6: 69 | G6: 76 | H6: =SUM(B6:G6) -> 422 | I6: =AVERAGE(B6:G6) -> 70.333333 | J6: =IF(I6>=90,"A+",IF(I6>=80,"A",IF(I6>=70,"B",IF(I6>=60,"C",IF(I6>=50,"D","F"))))) -> B | K6: =IF(MIN(B6:G6)>=35,"PASS","FAIL") -> PASS | L6: =RANK(H6,$H$2:$H$52,0) -> 48
A7: Deepak | B7: 82 | C7: 77 | D7: 91 | E7: 85 | F7: 80 | G7: 88 | H7: =SUM(B7:G7) -> 503 | I7: =AVERAGE(B7:G7) -> 83.833333 | J7: =IF(I7>=90,"A+",IF(I7>=80,"A",IF(I7>=70,"B",IF(I7>=60,"C",IF(I7>=50,"D","F"))))) -> A | K7: =IF(MIN(B7:G7)>=35,"PASS","FAIL") -> PASS | L7: =RANK(H7,$H$2:$H$52,0) -> 27
A8: Divya | B8: 89 | C8: 94 | D8: 78 | E8: 86 | F8: 90 | G8: 92 | H8: =SUM(B8:G8) -> 529 | I8: =AVERAGE(B8:G8) -> 88.166667 | J8: =IF(I8>=90,"A+",IF(I8>=80,"A",IF(I8>=70,"B",IF(I8>=60,"C",IF(I8>=50,"D","F"))))) -> A | K8: =IF(MIN(B8:G8)>=35,"PASS","FAIL") -> PASS | L8: =RANK(H8,$H$2:$H$52,0) -> 17
A9: Dinesh | B9: 71 | C9: 68 | D9: 74 | E9: 79 | F9: 72 | G9: 70 | H9: =SUM(B9:G9) -> 434 | I9: =AVERAGE(B9:G9) -> 72.333333 | J9: =IF(I9>=90,"A+",IF(I9>=80,"A",IF(I9>=70,"B",IF(I9>=60,"C",IF(I9>=50,"D","F"))))) -> B | K9: =IF(MIN(B9:G9)>=35,"PASS","FAIL") -> PASS | L9: =RANK(H9,$H$2:$H$52,0) -> 41
A10: Harish | B10: 93 | C10: 81 | D10: 95 | E10: 88 | F10: 91 | G10: 87 | H10: =SUM(B10:G10) -> 535 | I10: =AVERAGE(B10:G10) -> 89.166667 | J10: =IF(I10>=90,"A+",IF(I10>=80,"A",IF(I10>=70,"B",IF(I10>=60,"C",IF(I10>=50,"D","F"))))) -> A | K10: =IF(MIN(B10:G10)>=35,"PASS","FAIL") -> PASS | L10: =RANK(H10,$H$2:$H$52,0) -> 15
A11: Harini | B11: 87 | C11: 90 | D11: 83 | E11: 92 | F11: 86 | G11: 94 | H11: =SUM(B11:G11) -> 532 | I11: =AVERAGE(B11:G11) -> 88.666667 | J11: =IF(I11>=90,"A+",IF(I11>=80,"A",IF(I11>=70,"B",IF(I11>=60,"C",IF(I11>=50,"D","F"))))) -> A | K11: =IF(MIN(B11:G11)>=35,"PASS","FAIL") -> PASS | L11: =RANK(H11,$H$2:$H$52,0) -> 16
A12: Gokul | B12: 65 | C12: 72 | D12: 69 | E12: 67 | F12: 74 | G12: 78 | H12: =SUM(B12:G12) -> 425 | I12: =AVERAGE(B12:G12) -> 70.833333 | J12: =IF(I12>=90,"A+",IF(I12>=80,"A",IF(I12>=70,"B",IF(I12>=60,"C",IF(I12>=50,"D","F"))))) -> B | K12: =IF(MIN(B12:G12)>=35,"PASS","FAIL") -> PASS | L12: =RANK(H12,$H$2:$H$52,0) -> 46
A13: Gayathri | B13: 92 | C13: 88 | D13: 81 | E13: 90 | F13: 85 | G13: 91 | H13: =SUM(B13:G13) -> 527 | I13: =AVERAGE(B13:G13) -> 87.833333 | J13: =IF(I13>=90,"A+",IF(I13>=80,"A",IF(I13>=70,"B",IF(I13>=60,"C",IF(I13>=50,"D","F"))))) -> A | K13: =IF(MIN(B13:G13)>=35,"PASS","FAIL") -> PASS | L13: =RANK(H13,$H$2:$H$52,0) -> 18
A14: Karthik | B14: 78 | C14: 75 | D14: 86 | E14: 73 | F14: 82 | G14: 80 | H14: =SUM(B14:G14) -> 474 | I14: =AVERAGE(B14:G14) -> 79 | J14: =IF(I14>=90,"A+",IF(I14>=80,"A",IF(I14>=70,"B",IF(I14>=60,"C",IF(I14>=50,"D","F"))))) -> B | K14: =IF(MIN(B14:G14)>=35,"PASS","FAIL") -> PASS | L14: =RANK(H14,$H$2:$H$52,0) -> 31
A15: Kavya | B15: 96 | C15: 93 | D15: 90 | E15: 95 | F15: 94 | G15: 97 | H15: =SUM(B15:G15) -> 565 | I15: =AVERAGE(B15:G15) -> 94.166667 | J15: =IF(I15>=90,"A+",IF(I15>=80,"A",IF(I15>=70,"B",IF(I15>=60,"C",IF(I15>=50,"D","F"))))) -> A+ | K15: =IF(MIN(B15:G15)>=35,"PASS","FAIL") -> PASS | L15: =RANK(H15,$H$2:$H$52,0) -> 2
A16: Lokesh | B16: 70 | C16: 66 | D16: 77 | E16: 69 | F16: 71 | G16: 73 | H16: =SUM(B16:G16) -> 426 | I16: =AVERAGE(B16:G16) -> 71 | J16: =IF(I16>=90,"A+",IF(I16>=80,"A",IF(I16>=70,"B",IF(I16>=60,"C",IF(I16>=50,"D","F"))))) -> B | K16: =IF(MIN(B16:G16)>=35,"PASS","FAIL") -> PASS | L16: =RANK(H16,$H$2:$H$52,0) -> 44
A17: Meena | B17: 84 | C17: 89 | D17: 75 | E17: 83 | F17: 87 | G17: 90 | H17: =SUM(B17:G17) -> 508 | I17: =AVERAGE(B17:G17) -> 84.666667 | J17: =IF(I17>=90,"A+",IF(I17>=80,"A",IF(I17>=70,"B",IF(I17>=60,"C",IF(I17>=50,"D","F"))))) -> A | K17: =IF(MIN(B17:G17)>=35,"PASS","FAIL") -> PASS | L17: =RANK(H17,$H$2:$H$52,0) -> 25
... A52: Tharun | B52: 74 | C52: 78 | D52: 80 | E52: 73 | F52: 77 | G52: 82 | H52: =SUM(B52:G52) -> 464 | I52: =AVERAGE(B52:G52) -> 77.333333 | J52: =IF(I52>=90,"A+",IF(I52>=80,"A",IF(I52>=70,"B",IF(I52>=60,"C",IF(I52>=50,"D","F"))))) -> B | K52: =IF(MIN(B52:G52)>=35,"PASS","FAIL") -> PASS | L52: =RANK(H52,$H$2:$H$52,0) -> 35
A54: avg of tam | B54: =AVERAGE(B2:B52) -> 81.529412
A55: avg of eng | B55: =AVERAGE(C2:C52) -> 80.588235
A56: avg of mat | B56: =AVERAGE(D2:D52) -> 83
A57: avg of phy | B57: =AVERAGE(E2:E52) -> 81.960784
A58: avg of chem | B58: =AVERAGE(F2:F52) -> 82.137255
A59: avg of bio | B59: =AVERAGE(G2:G52) -> 85.54902
A61: Grade | B61: COUNT
A62: A+ | B62: =COUNTIF(J2:J51,"A+") -> 13
A63: A | B63: =COUNTIF(J3:J52,"A+") -> 13
A64: B | B64: =COUNTIF(J4:J53,"A+") -> 13
A65: C | B65: =COUNTIF(J5:J54,"A+") -> 13
A66: D | B66: =COUNTIF(J6:J55,"A+") -> 12
A67: F | B67: =COUNTIF(J7:J56,"A+") -> 12

Sheet DASHBOARD
B2: STUDENT PERFORMANCE DASHBOARD
B4: TOTAL STUDENTS | D4: AVERAGE MARK | F4: PASS PERCENTAGE | H4: HIGHEST MARK
B5: =COUNT(Sheet1!H2:H51) -> 50 | D5: =AVERAGE(Sheet1!I2:I52) -> 82.460784 | F5: =COUNTIF(Sheet1!K2:K52,"Pass")/COUNTA(Sheet1!H2:H52) -> 1 | H5: =MAX(Sheet1!H2:H52) -> 572
B8: STUDENT PERFORMANCE
B10: STUDENT NAME | D10: TOTAL | F10: AVERAGE | H10: GRADE | J10: RESULT
B11: =Sheet1!A2 -> Aarav | D11: =Sheet1!H2 -> 515 | F11: =Sheet1!I2 -> 85.833333 | H11: =Sheet1!J2 -> A | J11: =Sheet1!K2 -> PASS
B12: =Sheet1!A3 -> Ananya | D12: =Sheet1!H3 -> 518 | F12: =Sheet1!I3 -> 86.333333 | H12: =Sheet1!J3 -> A | J12: =Sheet1!K3 -> PASS
B13: =Sheet1!A4 -> Arjun | D13: =Sheet1!H4 -> 463 | F13: =Sheet1!I4 -> 77.166667 | H13: =Sheet1!J4 -> B | J13: =Sheet1!K4 -> PASS
B14: =Sheet1!A5 -> Aishwarya | D14: =Sheet1!H5 -> 557 | F14: =Sheet1!I5 -> 92.833333 | H14: =Sheet1!J5 -> A+ | J14: =Sheet1!K5 -> PASS
B15: =Sheet1!A6 -> Bharath | D15: =Sheet1!H6 -> 422 | F15: =Sheet1!I6 -> 70.333333 | H15: =Sheet1!J6 -> B | J15: =Sheet1!K6 -> PASS
B16: =Sheet1!A7 -> Deepak | D16: =Sheet1!H7 -> 503 | F16: =Sheet1!I7 -> 83.833333 | H16: =Sheet1!J7 -> A | J16: =Sheet1!K7 -> PASS
B17: =Sheet1!A8 -> Divya | D17: =Sheet1!H8 -> 529 | F17: =Sheet1!I8 -> 88.166667 | H17: =Sheet1!J8 -> A | J17: =Sheet1!K8 -> PASS
B18: =Sheet1!A9 -> Dinesh | D18: =Sheet1!H9 -> 434 | F18: =Sheet1!I9 -> 72.333333 | H18: =Sheet1!J9 -> B | J18: =Sheet1!K9 -> PASS
B19: =Sheet1!A10 -> Harish | D19: =Sheet1!H10 -> 535 | F19: =Sheet1!I10 -> 89.166667 | H19: =Sheet1!J10 -> A | J19: =Sheet1!K10 -> PASS
B20: =Sheet1!A11 -> Harini | D20: =Sheet1!H11 -> 532 | F20: =Sheet1!I11 -> 88.666667 | H20: =Sheet1!J11 -> A | J20: =Sheet1!K11 -> PASS
B21: =Sheet1!A12 -> Gokul | D21: =Sheet1!H12 -> 425 | F21: =Sheet1!I12 -> 70.833333 | H21: =Sheet1!J12 -> B | J21: =Sheet1!K12 -> PASS
B22: =Sheet1!A13 -> Gayathri | D22: =Sheet1!H13 -> 527 | F22: =Sheet1!I13 -> 87.833333 | H22: =Sheet1!J13 -> A | J22: =Sheet1!K13 -> PASS
... B61: =Sheet1!A52 -> Tharun | D61: =Sheet1!H52 -> 464 | F61: =Sheet1!I52 -> 77.333333 | H61: =Sheet1!J52 -> B | J61: =Sheet1!K52 -> PASS
